skin_name	skin_source	skin_rarity	race	gender	story_skin	skin_set	release_date	release_datetime
A.I.M.	Complete Hunting Party Challenge in Season 6	Legendary				A.I.M.	25-Nov-18	2018-11-25
Absolute Zero	1200 V-Bucks	Rare	B	M		Arctic Command	01-07-2018	2018-01-07
Abstrakt	1500 V-Bucks	Epic	W	M		Aerosol Assassins	14-May-18	2018-05-14
The Ace	Purchase Fortnite Starter Pack #3	Rare		F		Getaway Gang	27-Aug-18	2018-08-27
Aerial Threat	1200 V-Bucks	Rare	W	M		Goalbound	06-15-2018	2018-06-15
Aerobic Assassin	1500 V-Bucks	Epic	W	F		Spandex Squad	11-Aug-18	2018-08-11
Airheart	1200 V-Bucks	Rare	W	F		Aviation Age	30-Sep-18	2018-09-30
Alpine Ace	1500 V-Bucks	Epic		M		Winter Ski	6-Feb-18	2018-02-06
Anarchy Agent	800 V-Bucks	Uncommon	B	M		Anarchy	31-Jul-19	2019-07-31
Arachne	2000 V-Bucks	Legendary	W	F		Arachnid	21-Oct-18	2018-10-21
Archetype	1500 V-Bucks	Epic		M		Archetype	4-Aug-18	2018-08-04
Arctic Assassin	1200 V-Bucks	Rare	L	F		Arctic Command	01-19-2018	2018-01-19
Ark	2000 V-Bucks	Legendary	W	F		Eternal Struggles	10-Jan-19	2019-01-10
Armadillo	800 V-Bucks	Uncommon	W	M			27-Aug-18	2018-08-27
Asmodeus	1200 V-Bucks	Rare	W	M		Battle Rites	18-Jun-19	2019-06-18
Assault Trooper	800 V-Bucks	Uncommon	L	F			31-Oct-17	2017-10-31
Aura	800 V-Bucks	Uncommon	W	F			7-May-19	2019-05-07
Axiom	1200 V-Bucks	Rare	W	M		Third Eye	19-Mar-19	2019-03-19
Bravo Leader	1200 B-Bucks		W	M			08-12-2019	2019-08-12
B.R.U.T.E. Gunner	800 V-Bucks	Uncommon	W	F			08-01-2019	2019-08-01
B.R.U.T.E. Navigator	800 V-Bucks	Uncommon		M			08-01-2019	2019-08-01
Bachii	1200 V-Bucks	Rare	A	M			07-29-2019	2019-07-29
Backbone	1200 V-Bucks	Rare	W	M		Biker Brigade	31-Aug-18	2018-08-31
Bandolette	1200 V-Bucks	Rare	L	F		Tropic Troopers	10-Mar-19	2019-03-10
Bandolier	1500 V-Bucks	Epic	B	M		Tropic Troopers	28-May-18	2018-05-28
Banner Trooper	800 V-Bucks	Uncommon	W	F		Banner Brigade	17-Jul-19	2019-07-17
Battle Hound	2000 V-Bucks	Legendary		M		Laoch	20-Mar-18	2018-03-20
Battlehawk	Reach Tier 1 in Season 4 Battle Pass	Epic	W	M		Advanced Forces	05-01-2018	2018-05-01
Beach Bomber	1200 V-Bucks	Rare	W	F			7-Jul-19	2019-07-07
Beastmode	1500 V-Bucks	Epic				Mechanimal	24-Mar-19	2019-03-24
Beef Boss	1500 V-Bucks	Epic		M		Durrr Burger	9-Aug-18	2018-08-09
Bendie	1200 V-Bucks	Rare				Hot Air	1-Mar-19	2019-03-01
Bigfoot	1200 V-Bucks	Rare		M		Bigfoot	29-Jun-19	2019-06-29
Birdie	800 V-Bucks	Uncommon	W	F		Teed Off	14-Apr-19	2019-04-14
Biz	1200 V-Bucks	Rare	W	F		Roughneck	22-Jun-19	2019-06-22
Black Knight	Reach Tier 70 in Season 3 Battle Pass	Legendary	B	M		Fort Knights	14-Dec-17	2017-12-14
Blackheart	Reach Tier 1 in Season 8 Battle Pass	Legendary	W	M		Scallywags	02-28-2019	2019-02-28
Blitz	1500 V-Bucks	Epic	W	F		Fourth Down	9-Nov-18	2018-11-09
Blue Squire	Season 2 Battle Pass Reward	Rare		M		Fort Knights	13-Dec-17	2017-12-13
Blue Striker	PS Plus Promotion Item	Epic	B	M			06-18-2018	2018-06-18
Blue Team Leader	PS Plus Promotional Item	Rare	L	F				2018-02-01
Bracer	800 V-Bucks	Uncommon	W	F			14-May-19	2019-05-14
Brainiac	800 V-Bucks	Uncommon	W	M			26-Oct-18	2018-10-26
Branded Brawler	800 V-Bucks	Uncommon	W	M		Banner Brigade	17-Jul-19	2019-07-17
Branded Brigadier	800 V-Bucks	Uncommon	W	F		Banner Brigade	17-Jul-19	2019-07-17
Brawler	1200 V-Bucks	Rare	W	F			11-03-2017	2017-11-03
Breakpoint	Breakpoint Challenge Pack	Rare		F			18-Jul-19	2019-07-18
Brilliant Striker	1200 V-Bucks	Rare	A	F			03-14-2018	2018-03-14
Brite Bomber	1200 V-Bucks	Rare	W	F		Sunshine & Rainbows	12-Dec-17	2017-12-12
Brite Gunner	1500 V-Bucks	Epic	B	M		Sunshine & Rainbows	30-Apr-18	2018-04-30
Bronto	1200 V-Bucks	Rare		M		Dino Guard	3-Aug-19	2019-08-03
Bubble Bomber	1200 V-Bucks	Rare	W	F			08-10-2019	2019-08-10
Buccaneer	1200 V-Bucks	Rare	W	F		Scallywags	10-Apr-19	2019-04-10
Bullseye	800 V-Bucks	Uncommon	W	F			7-Nov-18	2018-11-07
Bunker Jonesy	Reach Tier 23 in Season 9 Battle Pass	Epic	W	M		Bunker Days	05-09-2019	2019-05-09
Bunny Brawler	1500 V-Bucks	Epic	B	F		Pastel Patrol	2-Apr-18	2018-04-02
Bunnymoon	800 V-Bucks	Uncommon	W	F			28-Oct-18	2018-10-28
Burnout	1500 V-Bucks	Epic		M		RPM	10-Mar-18	2018-03-10
Cabbie	800 V-Bucks	Uncommon	W	M		Racer Royale	29-Jan-19	2019-01-29
Calamity	Reach Tier 1 Season 6 Battle Pass	Legendary	W	F		Western Wilds	09-27-2018	2018-09-27
Callisto	1200 V-Bucks	Rare	W	F		Battle Rites	18-Jun-19	2019-06-18
Carbide	Reach Tier 1 in Season 4 Battle Pass	Legendary	B	M			05-01-2018	2018-05-01
Carbon Commando	PlayStation Plus Promotional Item	Rare		M		Tech Ops		
Castor	1500 V-Bucks	Epic	W	M		Arcane Arts	16-Nov-18	2018-11-16
Catalyst	Reach Tier 1 in Season X Battle Pass	Legendary		F		Drift		
Chief Hopper	1500 V-Bucks	Epic	W	M			5-Jul-19	2019-07-05
Chomp Sr.	2000 V-Bucks	Legendary		M		Chomp	23-Jul-18	2018-07-23
Chopper	1200 V-Bucks	Rare	W	F		Biker Brigade	31-Aug-18	2018-08-31
Chromium	1200 V-Bucks	Rare		F		Solid Steel	05-11-2018	2018-05-11
Cipher	1200 V-Bucks	Rare	B	F		Overclocked	04-13-2018	2018-04-13
Circuit Breaker	1200 V-Bucks	Rare	W	M		Overclocked	12-18-2017	2017-12-18
Clinical Crosser	1200 V-Bucks	Rare	W	F			06-15-2018	2018-06-15
Cloaked Shadow	1500 V-Bucks	Epic		M			27-Dec-18	2018-12-27
Cloaked Star	1500 V-Bucks	Epic		M			24-Sep-18	2018-09-24
Cloudbreaker	1200 V-Bucks	Rare	W	M			12-11-2018	2018-12-11
Clutch	1800 V-Bucks	Epic	W	F		Hang Time	22-May-19	2019-05-22
Cobalt	Starter Pack Item	Epic		M			30-Jan-19	2019-01-30
Codename E.L.F.	1200 V-Bucks	Rare	W	M			12-17-2017	2017-12-17
Cole	800 V-Bucks	Uncommon	W	M			5-May-19	2019-05-05
Commando	800 V-Bucks	Uncommon	L	F			11-Nov-17	2017-11-11
Copper Wasp	1500 V-Bucks	Epic		M			07-20-2019	2019-07-20
Crackabella	2000 V-Bucks	Epic		F		Nutcracker	19-Dec-18	2018-12-19
Crackshot	2000 V-Bucks	Legendary		M		Nutcracker	30-Dec-17	2017-12-30
Crimson Scout	800 V-Bucks	Uncommon	A	M			25-Feb-18	2018-02-25
Criterion	2000 V-Bucks	Legendary		F		Criterion	6-Jul-18	2018-07-06
Cryptic	1200 V-Bucks	Rare		M		Cryptic	10-May-19	2019-05-10
Crystal	800 V-Bucks	Uncommon	W	F			3-Aug-19	2019-08-03
Cuddle Team Leader	2000 V-Bucks	Legendary		F		Royale Hearts	12-Feb-18	2018-02-12
Dante	1500 V-Bucks	Epic		M		Muertos	2-Nov-18	2018-11-02
Daring Duelist	1500 V-Bucks	Epic	W	F		Scallywags	2-May-19	2019-05-02
Dark Bomber	1200 V-Bucks	Rare	W	F		Lightning & Thunderstorms	5-Oct-18	2018-10-05
Dark Vanguard	2000 V-Bucks	Legendary		F		Space Explorers	04-08-2018	2018-04-08
Dark Vertex	Xbox Fortnite Bundle Promo	Legendary		M				
Dark Voyager	Reach Tier 70 in Season 3 Battle Pass	Legendary		M		Space Explorers	02-22-2018	2018-02-22
Dazzle	1200 V-Bucks	Rare	L	F		Hyper	02-22-2018	2018-02-22
Deadfire	2000 V-Bucks	Legendary	B	M		Western Wilds	24-Oct-18	2018-10-24
Deep Sea Destroyer	1500 V-Bucks	Epic		M		Deep Sea	21-Feb-19	2019-02-21
Deep Sea Dominator	1500 V-Bucks	Epic		F		Deep Sea	21-Feb-19	2019-02-21
Demi	Reach Tier 87 in Season 9 Battle Pass	Epic	W	F		Scarlet Dragon	05-09-2019	2019-05-09
Demogorgon	1200 V-Bucks	Rare					5-Jul-19	2019-07-05
Desert Dominator	800 V-Bucks	Uncommon	W	F			8-Jun-19	2019-06-08
Desperado	1200 V-Bucks	Rare	L	M			11-05-2017	2017-11-05
Devastator	800 V-Bucks	Uncommon	W	M		Storm Fusion	25-Dec-17	2017-12-25
Diecast	1200 V-Bucks	Rare		M		Solid Steel	26-Apr-18	2018-04-26
Dire	Reach Tier 100 in Season 6 Battle Pass	Legendary	W	M		Full Moon	09-27-2018	2018-09-27
Disco Diva	1200 V-Bucks	Rare	B	M		Fortnite Fever	31-Dec-18	2018-12-31
DJ Bop	2000 V-Bucks	Legendary		F		Twin Turntables	31-Dec-18	2018-12-31
DJ Yonder	Reach Tier 1 in Season 6 Battle Pass	Epic		M		Twin Turntables	09-27-2018	2018-09-27
Doggo	1500 V-Bucks	Epic		M		Grumble Gang	25-May-19	2019-05-25
Dominator	800 V-Bucks	Uncommon	B	F		Storm Fusion	25-Dec-17	2017-12-25
Double Helix	Nintendo Switch Fortnite Bundle Promo	Epic		M		Double Helix	5-Oct-18	2018-10-05
Doublecross	1200 V-Bucks	Rare	W	F			4-Jul-19	2019-07-04
Dream	1200 V-Bucks	Rare	W	F		Broken Light	3-May-19	2019-05-03
Dream Flower	1500 V-Bucks	Epic	W	F				
Drift	Reach Tier 1 Season 5 Battle Pass	Legendary	W	M		Drift	12-Jul-18	2018-07-12
Dusk	Reach Tier 71 in Season 6 Battle Pass	Epic	W	F		Nite Coven	09-27-2018	2018-09-27
Dynamic Dribbler	1200 V-Bucks	Rare	B	F		Goalbound	06-15-2018	2018-06-15
Dynamo	1200 V-Bucks	Rare	L	F		Lucha	07-20-2018	2018-07-20
Elite Agent	Reach Tier 87 in Season 3 Battle Pass	Epic		F		Black Vector	02-22-2018	2018-02-22
Elmira	1500 V-Bucks	Epic	W	F		Arcane Arts	16-Nov-18	2018-11-16
Ember	Reach Tier 71 in Battle Pass Season 8	Epic	B	F		Ashen Guard	02-28-2019	2019-02-28
End Zone	1500 V-Bucks	Epic	W	F		Fourth Down	9-Nov-18	2018-11-09
Enforcer	Complete Road Trip Challenges in Battle Pass Season 5	Legendary		M			07-12-2018	2018-07-12
Eon	Xbox One S Bundle Promo	Legendary		F		Eon		
Eternal Voyager	Reach Tier 87 in Battle Pass Season 10	Epic		M		Space Explorers	08-01-2019	2019-08-01
Ether	1500 V-Bucks	Epic	W	M		Neochaser	18-May-19	2019-05-18
Fable	Reach Tier 47 in Season 6 Battle Pass	Epic	W	F		Red Riding	09-27-2018	2018-09-27
Fallen Love Ranger	Challenge Pack	Legendary		M		Royale Hearts	15-Feb-19	2019-02-15
Far Out Man	1500 V-Bucks	Epic	W	M		Flower Power	3-Sep-18	2018-09-03
Fastball	1200 V-Bucks	Rare	W	F		Three Strikes	28-Mar-19	2019-03-28
Fate	2000 V-Bucks	Legendary	W	F		Overseer	25-Jun-18	2018-06-25
Field Surgeon	1500 V-Bucks	Epic	L	F		Support Squadron	8-Sep-18	2018-09-08
Finesse Finisher	1200 V-Bucks	Rare	W	F		Goalbound	15-Jul-18	2018-07-15
Firewalker	1200 V-Bucks	Rare		M			4-Feb-19	2019-02-04
Fireworks Team Leader	1500 V-Bucks	Epic		F		Stars & Stripes	4-Jul-18	2018-07-04
First Strike Specialist	1200 V-Bucks	Rare	W	M			10-30-2017	2017-10-30
Fishstick	1200 V-Bucks	Rare		M		Fish Food	26-Dec-18	2018-12-26
Flap Jackie	1500 V-Bucks	Epic	W	F				
Flare	1500 V-Bucks	Epic	A	M		Stormlight	20-Jun-19	2019-06-20
Flutter	1200 V-Bucks	"
"	W	F			13-Jul-19	2019-07-13
Flytrap	2000 V-Bucks	Legendary		M		Flytrap	11-Jun-18	2018-06-11
Focus	1200 V-Bucks	Rare		F			12-Jul-19	2019-07-12
Fortune	1200 V-Bucks	Rare	L	F		Sharp Style	07-13-2018	2018-07-13
Frontier	1200 V-Bucks	Rare	W	M		Western Wilds	5-Aug-19	2019-08-05
Frostbite	Deep Freeze Bundle Promo	Legendary		M			11-13-2018	2018-11-13
Funk Ops	1500 V-Bucks	Epic	B	M		Fortnite Fever	6-Jan-18	2018-01-06
Fyra	1500 V-Bucks	Epic	W	F		Primal Hunters	17-Jan-19	2019-01-17
Gage	800 V-Bucks	Uncommon		M			07-02-2019	2019-07-02
Galaxy Skin	Samsung Promotion Item	Epic		M				
Garrison	800 V-Bucks	Uncommon	W	M			9-Sep-18	2018-09-09
Gemini	1500 V-Bucks	Epic		F				
Ghoul Trooper	1500 V-Bucks	Epic	L	F			26-Oct-17	2017-10-26
Giddy-Up	Reach Tier 23 in Season 6 Battle Pass	Epic	B	M			09-27-2018	2018-09-27
Ginger Gunner	1500 V-Bucks	Epic		F		Gingerbread	14-Dec-17	2017-12-14
Glimmer	2000 V-Bucks	Legendary	W	F		Winter Wonderland	25-Dec-18	2018-12-25
Gridiron	1500 V-Bucks	Epic	W	M		Fourth Down	9-Nov-18	2018-11-09
Grill Sergeant	800 V-Bucks	Uncommon	W	M		Durrr Burger	10-Sep-18	2018-09-10
Grimbles	1200 V-Bucks	Rare	W	M			22-Dec-18	2018-12-22
Grind	Fortnite X Jordan Promo	Epic		M		Hang Time	22-May-19	2019-05-22
Grit	800 V-Bucks	Uncommon		M			08-14-2019	2019-08-14
Growler	1500 V-Bucks	Epic		M		Animal Jackets	9-Nov-18	2018-11-09
Guan Yu	1500 V-Bucks	Epic		M			2-Dec-18	2018-12-02
Guild	800 V-Bucks	Uncommon	W	M			7-May-19	2019-05-07
Gumshoe	1500 V-Bucks	Epic	W	F		Hardboiled	2-Jul-18	2018-07-02
Hacivat	1500 V-Bucks	Epic	W	M		Hacivat	14-Sep-18	2018-09-14
Havoc	Twitch Prime Reward	Legendary		M				
Hay Man	1500 V-Bucks	Epic		M		Straw Stuffed	6-Oct-18	2018-10-06
Hayseed	800 V-Bucks	Uncommon	W	M		Fatal Fielders	5-Mar-19	2019-03-05
Hazard Agent	1500 V-Bucks	Epic		M		Outbreak	19-May-18	2018-05-19
Heartbreaker	1200 V-Bucks	Rare		M		Royale Hearts	14-Feb-19	2019-02-14
Heidi	1500 V-Bucks	Epic	W	F		Oktoberfest	28-Sep-18	2018-09-28
Heist	1200 V-Bucks	Rare		M		Getaway Gang	29-Jun-19	2019-06-29
Highland Warrior	1500 V-Bucks	Epic	W	F		Laoch	24-Mar-18	2018-03-24
Highrise Assault Trooper	800 V-Bucks	Uncommon	W	M			2-Mar-18	2018-03-02
Hime	2000 V-Bucks	Legendary	A	F		Bushido	23-Aug-18	2018-08-23
Hollowhead	1500 V-Bucks	Epic		M		Pumpkin Patch	14-Oct-18	2018-10-14
Honor Guard	Honor Phone Promo	Epic		M				
Hopper	1200 V-Bucks	Rare		M		Hoppity Heist	19-Apr-19	2019-04-19
Huntress	Reach Tier 1 in Season 5 Battle Pass	Epic	W	M		Norse	12-Jul-18	2018-07-12
Hybrid	Reach Tier 1 in Season 8 Battle Pass	Legendary		M		Brood	02-28-2019	2019-02-28
Hyperion	1200 V-Bucks	Rare	B	M		Hyper	02-16-2018	2018-02-16
Hypernova	1200 V-Bucks	Rare		M		Tech Ops	5-Mar-19	2019-03-05
IKONIK	Samsung Promotional Item	Epic		M				
Inferno	Inferno Bundle	Legendary		M		Inferno	30-Apr-19	2019-04-30
Infiltrator	1200 V-Bucks	Rare	L	M			3-Jan-18	2018-01-03
Insight	1200 V-Bucks	Rare		M		Ranged Recon	15-Dec-18	2018-12-15
Instinct	1200 V-Bucks	Rare		M		Counterattack	3-Mar-19	2019-03-03
Interceptor	1500 V-Bucks	Epic		F		Fourth Down	9-Nov-18	2018-11-09
Ice Queen	2000 V-Bucks	Legendary	W	M				
Jack Gourdon	1500 V-Bucks	Epic		M		Pumpkin Patch	20-Oct-18	2018-10-20
Jaeger	1500 V-Bucks	Epic		M		Primal Hunters	17-Jan-19	2019-01-17
John Wick	2000 V-Bucks	Legendary	W	M		John Wick	16-May-19	2019-05-16
Juke	1500 V-Bucks	Epic		F		Fourth Down	9-Nov-18	2018-11-09
Jumpshot	1200 V-Bucks	Rare	B	M		Half Court	06-01-2018	2018-06-01
Jungle Scout	800 V-Bucks	Uncommon	L	F			28-Feb-18	2018-02-28
Kenji	1500 V-Bucks	Epic	A	M		Falcon Clan	16-Mar-19	2019-03-16
King Flamingo	800 V-Bucks	Uncommon	W	M		Flamingo	6-Jul-19	2019-07-06
Kitbash	1500 V-Bucks	Epic		M		Boneyard	9-Feb-19	2019-02-09
Krampus	2000 V-Bucks	Legendary		M		Krampus	24-Dec-18	2018-12-24
Kuno	1500 V-Bucks	Epic	A	F		Falcon Clan	16-Mar-19	2019-03-16
Lace	1500 V-Bucks	Epic	W	F		Ouroboros	13-Jan-19	2019-01-13
Laguna	Starter Pack Item	Rare	W	F		Beach Battalion		
Leviathan	2000 V-Bucks	Legendary		M		Space Explorers	16-Apr-18	2018-04-16
Lil Whip	1500 V-Bucks	Epic		M		Two Scoops	17-Feb-19	2019-02-17
Liteshow	800 V-Bucks	Uncommon	B	M		Neon Glow	4-May-18	2018-05-04
Longshot	1200 V-Bucks	Rare		M		Ranged Recon	15-Dec-18	2018-12-15
Love Ranger	2000 V-Bucks	Legendary	W	M		Royale Hearts	17-Feb-18	2018-02-17
Lt. Logo	800 V-Bucks	Uncommon	B	M		Banner Brigade	17-Jul-19	2019-07-17
Lucky Rider	1500 V-Bucks	Epic		M		Green Clover	16-Mar-19	2019-03-16
Ludwig	1500 V-Bucks	Epic	W	M		Oktoberfest	28-Sep-18	2018-09-28
Luminos	1500 V-Bucks	Epic		M		Interstellar	3-May-19	2019-05-03
Luxe	Tier 100 Battle Pass Reward Season 8	Legendary	B	F		24K	02-28-2019	2019-02-28
Lynx	Tier 1 Reward Season 7 Battle Pass	Legendary	W	F		Lynx	6-Dec-18	2018-12-06
Magnus	2000 V-Bucks	Legendary	W	M		Norse	16-Jul-18	2018-07-16
Maki Master	1200 V-Bucks	Rare	A	F		Sushi	21-Nov-18	2018-11-21
Malcore	1500 V-Bucks	Epic		M		Eternal Struggles	26-Jan-19	2019-01-26
Malice	2000 V-Bucks	Legendary		F		Diabolical	23-Mar-19	2019-03-23
Marino	1200 V-Bucks	Rare	W	M		Beach Battalion	13-Mar-19	2019-03-13
Maverick	1500 V-Bucks	Epic	W	M		Cobra Crew	2-Aug-18	2018-08-02
Marked Marauder	800 V-Bucks	"
"	W	M		Banner Brigade	17-Jul-19	2019-07-17
Marshmello	1500 V-Bucks	Epic		M		Marshmello	31-Jan-19	2019-01-31
Masked Fury	1200 V-Bucks	Rare	L	M		Lucha	07-20-2018	2018-07-20
Master Key	Tier 87 Unlock in Season 8 Battle Pass	Epic	W	M		Key Force	02-28-2019	2019-02-28
Match Point	800 V-Bucks	Uncommon	B	F			1-Jul-19	2019-07-01
Maven	1200 V-Bucks	Rare	W	F		Calculator Crew	5-Jan-19	2019-01-05
Maximilian	1200 V-Bucks	Rare	B	M		Aviation Age	30-Sep-18	2018-09-30
Mecha Team Leader	1600 V-Bucks	Epic		M		Final Showdown	19-Jul-19	2019-07-19
Merry Marauder	1500 V-Bucks	Epic	B	M		Gingerbread	14-Dec-17	2017-12-14
Mezmer	1200 V-Bucks	Rare		M		Sun Soldiers	8-Mar-19	2019-03-08
Midfield Maestro	1200 V-Bucks	Rare	W	M		Goalbound	06-15-2018	2018-06-15
Midnight Ops	1200 V-Bucks	Rare	W	M		Stealth Syndicate	03-30-2018	2018-03-30
Mika	1200 V-Bucks	Rare	A	F			07-23-2019	2019-07-23
Mission Specialist	Reach Tier 1 in Season 3 Battle Pass	Epic	W	M		Space Explorers	02-22-2018	2018-02-22
Mogul Master	1500 V-Bucks	Epic		F		Winter Ski	9-Feb-18	2018-02-09
Moisty Merman	2000 V-Bucks	Legendary		M			26-May-18	2018-05-26
Molten Battle Hound	Lava Legends Pack Item	Legendary		M		Lava Legends		
Molten Valkyrie	lava legends pack	Legendary		F		Lava Legends		
Moniker	1200 V-Bucks	Rare	W	M		Sharp Style	07-13-2018	2018-07-13
Moonwalker	Reach Tier 55 in Season 3 Battle Pass	Epic	L	F		Space Explorers	02-22-2018	2018-02-22
Mothmando	1500 V-Bucks	Epic		M		Moth Command	28-Nov-18	2018-11-28
Mullet Marauder	1500 V-Bucks	Epic	W	M		Spandex Squad	10-Aug-18	2018-08-10
Munitions Expert	1200 V-Bucks	Rare	L	F			27-Oct-17	2017-10-27
Munitions Major	800 V-Bucks	Uncommon	W	M			10-Mar-19	2019-03-10
Musha	2000 V-Bucks	Legendary		M		Bushido	23-Aug-18	2018-08-23
Nara	1500 V-Bucks	Epic		F		Storm Familiars	25-Nov-18	2018-11-25
Nightshade	Reach Tier 86 in Season 6 Battle Pass	Epic		F		Pizza Pit	09-27-2018	2018-09-27
Nightwitch	1500 V-Bucks	Epic		F		Moonbone	31-Mar-19	2019-03-31
Nite Nite	1500 V-Bucks	Epic		M		Party Parade	23-Sep-18	2018-09-23
Nitebeam	1500 V-Bucks	Epic	W	F		Stormlight	20-Jun-19	2019-06-20
Nitehare	1500 V-Bucks	Epic		M		Nitehare	20-Apr-19	2019-04-20
Nitelite	800 V-Bucks	Uncommon		F		Neon Glow	4-May-18	2018-05-04
NOG Ops	800 V-Bucks	Uncommon	L	F			12-16-2017	2017-12-16
Noir	1500 V-Bucks	Epic	W	M		Hardboiled	2-Jul-18	2018-07-02
Oblivion	2000 V-Bucks	Legendary		F		Oblivion	9-Jul-18	2018-07-09
Omega	Reach Tier 100 in Season 4 Battle Pass	Legendary	B	M		Omega	05-01-2018	2018-05-01
Omen	2000 V-Bucks	Legendary		M		Overseer	18-Jun-18	2018-06-18
Onesie	Tier 87 Battle Pass Reward Season 7	Epic	W	F		Durrr Burger	6-Dec-18	2018-12-06
Overtaker	1500 V-Bucks	Epic		M		Vanishing Point	16-Aug-18	2018-08-16
P.A.N.D.A. Team Leader	2000 V-Bucks	Legendary		F			08-19-2018	2018-08-19
Paradox	1500 V-Bucks	Epic		M		Ouroboros	13-Jan-19	2019-01-13
Pastel	800 V-Bucks	"
"	W	F		Pastel Patrol	18-Apr-19	2019-04-18
Patch Patroller	800 V-Bucks	"
"	B	M			29-Oct-18	2018-10-29
Pathfinder	800 V-Bucks	Uncommon	L	F			2-Nov-17	2017-11-02
Peekaboo	1500 V-Bucks	Epic		F		Party Parade	23-Sep-18	2018-09-23
Peely	Tier 47 Battle Pass Reward Season 8	Epic		M		Banana Bunch	02-28-2019	2019-02-28
Pillar	1200 V-Bucks	Rare		F			13-Jul-19	2019-07-13
Plague	1500 V-Bucks	Epic		M		Grim Medicine	12-Oct-18	2018-10-12
Plastic Patroller	800 V-Bucks	Uncommon		M		Toy Soldier	27-Jun-19	2019-06-27
Poised Playmaker	1200 V-Bucks	Rare	W	F		Goalbound	25-Jul-18	2018-07-25
Powder	Powder Patrol Pack	Epic	W	F		Powder Patrol	6-Dec-18	2018-12-06
Power Chord	2000 V-Bucks	Legendary	W	F		Volume 11	27-Mar-18	2018-03-27
Prickly Patroller	800 V-Bucks	Uncommon	W	F			4-Apr-19	2019-04-04
Prisoner	Complete Season 8 Battle Pass Challenges	Legendary		M	True			
Psion	1200 V-Bucks	Rare		F		Third Eye	19-Mar-19	2019-03-19
Rabbit Raider	1500 V-Bucks	Epic		M		Pastel Patrol	2-Apr-18	2018-04-02
Radiant Striker	1200 V-Bucks	Rare	B	M			03-14-2018	2018-03-14
Ragnarok	Reach Tier 100 in Season 5 Battle Pass	Legendary		M		Harbinger	12-Jul-18	2018-07-12
Ranger	800 V-Bucks	Uncommon	W	M			31-Oct-17	2017-10-31
Rapscallion	1500 V-Bucks	Epic	W	F		Jailbird	4-Jun-18	2018-06-04
Raptor	2000 V-Bucks	Legendary		M			20-Jan-18	2018-01-20
Ravage	2000 V-Bucks	Legendary		F		Nevermore	25-Aug-18	2018-08-25
Raven	2000 V-Bucks	Legendary		M		Nevermore	7-Apr-18	2018-04-07
The Reaper	Reach Tier 100 In Season 3 Battle Pass	Legendary	W	M		Hired Gun	22-Feb-18	2018-02-22
Rebel	1500 V-Bucks	Epic		F		Robo Rebels	23-Feb-19	2019-02-23
Recon Expert	1200 V-Bucks	Rare	B	F			10-30-2017	2017-10-30
Recon Scout	1200 V-Bucks	Rare	W	M			11-03-2017	2017-11-03
Recon Specialist	1200 V-Bucks	Rare	L	F			11-26-2017	2017-11-26
Red Knight	2000 V-Bucks	Legendary		F		Fort Knights	16-Dec-17	2017-12-16
Red-Nosed Raider	1200 V-Bucks	Rare	W	F			12-Dec-17	2017-12-12
Red-Nosed Ranger	800 V-Bucks	Uncommon	W	M			19-Dec-18	2018-12-19
Redline	Reach Tier 23 in Season 5 Battle Pass	Epic	W	F		RPM	07-12-2018	2018-07-12
Reef Ranger	1500 V-Bucks	Epic		F		Divemasters	26-Jul-18	2018-07-26
Reflex	1200 V-Bucks	Rare	B	M		Counterattack	2-Mar-19	2019-03-02
Relay	800 V-Bucks	Uncommon	B	M			8-Jun-19	2019-06-08
Renegade	800 V-Bucks	Uncommon	B	F			26-Oct-17	2017-10-26
Renegade Raider	1200 V-Bucks	Rare	L	F		Storm Scavenger	20-Sep-17	2017-09-20
Revolt	1500 V-Bucks	Epic		M		Robo Rebels	23-Feb-19	2019-02-23
Rex	2000 V-Bucks	Legendary	W	M		Dino Guard	6-Mar-18	2018-03-06
Rio Grande	1200 V-Bucks	Rare	W	F		Western Wilds	5-Aug-19	2019-08-05
Riot	1200 V-Bucks	Rare	W	M			11-27-2018	2018-11-27
Rogue Agent	1500 V-Bucks	Epic		M		Black Vector	27-Mar-18	2018-03-27
Rook	Reach Tier 87 in Season 5 Battle Pass	Epic	W	F			12-Jul-18	2018-07-12
Rosa	1500 V-Bucks	Epic	W	F		Muertos	2-Nov-18	2018-11-02
Rox	Season 9 Battle Pass Reward	Legendary	W	F		Sky Style	9-May-19	2019-05-09
Royale Knight	Reach Tier 21 Season 2 Battle Pass	Rare		M		Fort Knights	12-14-2017	2017-12-14
Ruckus	Ruckus1200 V-Bucks	Rare		M		Wasteland Warriors	4-Nov-18	2018-11-04
Ruin	Complete Season 8 Challenges	Legendary		M		Ruination		
Rush	1500 V-Bucks	Epic	B	F		Fourth Down	9-Nov-18	2018-11-09
Rust Lord	Reach Tier 23 in Season 3 Battle Pass	Epic		M		Storm Scavenger	02-22-2018	2018-02-22
Sanctum	1500 V-Bucks	Epic	W	M		Nite Coven	19-Oct-18	2018-10-19
Sandstorm	1200 V-Bucks	Rare	W	F		Immortal Sands	14-Jun-19	2019-06-14
Sash Sergeant	1200 V-Bucks	Rare	W	M			03-02-2018	2018-03-02
Scarlet Defender	800 V-Bucks	Uncommon	L	F			25-Feb-18	2018-02-25
Scimitar	1200 V-Bucks	Rare	W	M		Immortal Sands	14-Jun-19	2019-06-14
Scorpion	800 V-Bucks	Uncommon	W	F			27-Aug-18	2018-08-27
Scoundrel	1500 V-Bucks	Epic	W	M		Jailbird	4-Jun-18	2018-06-04
Scourge	1500 V-Bucks	Epic		F		Grim Medicine	12-Oct-18	2018-10-12
Scout	800 V-Bucks	"
"	B	M			30-Oct-17	2017-10-30
Sea Wolf	1200 V-Bucks	Rare	W	M		Scallywags	10-Apr-19	2019-04-10
Sentinel	Tier 1 Reward Season 9 Battle Pass	Legendary				Battle Dynamics	9-May-19	2019-05-09
Sgt. Green Clover	800 V-Bucks	Uncommon	W	F		Green Clover	16-Mar-18	2018-03-16
Sgt. Sigil	800 V-Bucks	Uncommon	B	F		Banner Brigade	17-Jul-19	2019-07-17
Sgt. Winter	Season 7 Battle Pass Rewards	Epic	W	M		Sgt. Winter	6-Dec-18	2018-12-06
Shade	1500 V-Bucks	Epic	W	F		Cobra Crew	2-Aug-18	2018-08-02
Shadow Ops	1500 V-Bucks	Epic	A	F		Stealth Syndicate	16-Dec-17	2017-12-16
Shaman	1500 V-Bucks	Epic		F		Moonbone	31-Mar-19	2019-03-31
Shogun	2000 V-Bucks	Legendary		M		Shogun	19-Nov-18	2018-11-19
Sidewinder	Season 8 Battle Pass	Epic	W	F		Snakepit	02-28-2019	2019-02-28
Signature Sniper	800 V-Bucks	Uncommon	L	M		Banner Brigade	17-Jul-19	2019-07-17
Singularity	Fortbyte Challenge Reward Season 9	Legendary	W	F	True		10-Jul-19	2019-07-10
Skull Ranger	1200 V-Bucks	Rare		F		Skull Squad	10-Oct-18	2018-10-10
Skull Trooper	1500 V-Bucks	Epic		M		Skull Squad	4-Oct-17	2017-10-04
Skully	1200 V-Bucks	Rare	W	F		Skull and Bows	14-Feb-19	2019-02-14
Sky Stalker	2000 V-Bucks	Legendary		M		Sky Stalker	23-Jun-18	2018-06-23
Sledgehammer	Reach Tier 71 in Season 5 Battle Pass	Epic	W	M		Advanced Forces	07-12-2018	2018-07-12
Sleuth	1500 V-Bucks	Epic	W	M		Hardboiled	2-Jul-18	2018-07-02
Slugger	1200 V-Bucks	Rare	W	M		Three Strikes	28-Mar-19	2019-03-28
Slushy Soldier	1500 V-Bucks	Epic		M			13-Dec-18	2018-12-13
Snorkel Ops	1200 V-Bucks	Rare	L	F			02-19-2018	2018-02-19
Snowfoot	1500 V-Bucks	Epic		M			3-Jan-19	2019-01-03
Snowstrike	1500 V-Bucks	Epic		F		Snow Clan	7-Feb-19	2019-02-07
Sofia	1500 V-Bucks	Epic	W	F		John Wick	27-Jun-19	2019-06-27
Sparkle Specialist	Season 2 Battle Pass Reward	Epic	L	F		Fortnite Fever	12-14-2017	2017-12-14
Sparkle Supreme	Battle Pass Season X Reward	Epic	A	F		Fortnite Fever	08-01-2019	2019-08-01
Sparkplug	1200 V-Bucks	Rare	W	F		Boneyard	9-Feb-19	2019-02-09
Special Forces	1200 V-Bucks	Rare	W	M			11-01-2017	2017-11-01
Spider Knight	2000 V-Bucks	Legendary		M		Arachnid	21-Oct-18	2018-10-21
Spike	1500 V-Bucks	Epic	W	M		Fourth Down	9-Nov-18	2018-11-09
Splode	1500 V-Bucks	Epic		M		Short Fuse	24-Apr-19	2019-04-24
Spooky Team Leader	1500 V-Bucks	Epic		F			1-Nov-18	2018-11-01
Squad Leader	Reach Tier 87 in Battle Pass Season 4	Epic	W	M		Advanced Forces	05-01-2018	2018-05-01
Stage Slayer	1500 V-Bucks	Epic		M		Garage Band	16-Sep-18	2018-09-16
Stalwart Sweeper	1200 V-Bucks	Rare	W	M		Goalbound	06-15-2018	2018-06-15
Star Spangled Ranger	800 V-Bucks	Uncommon	L	F			07-03-2018	2018-07-03
Star Spangled Trooper	800 V-Bucks	Uncommon	W	M			07-03-2018	2018-07-03
Starfish	1500 V-Bucks	Epic	B	F			1-Jul-19	2019-07-01
Stealth Reflex	GeForce Bundle Promotional Item	Rare		M		Counterattack		
Steelsight	1500 V-Bucks	Epic	B	F			28-Apr-18	2018-04-28
Sterling	1500 V-Bucks	Epic	W	M		24K	1-May-19	2019-05-01
Stratus	Season 9 Battle Pass Reward	Epic	B	M		Storm Stalker	05-09-2019	2019-05-09
Straw Ops	1500 V-Bucks	Epic		F		Straw Stuffed	6-Oct-18	2018-10-06
Striped Soldier	800 V-Bucks	Uncommon	B	M			9-Nov-18	2018-11-09
Strong Guard	1500 V-Bucks	Epic	B	M		Fourth Down	9-Nov-18	2018-11-09
Sub Commander	Twitch Prime Reward	Epic	W	M				
Sugar Plum	1500 V-Bucks	Epic		F				
Summer Drift	1500 V-Bucks	Epic	W	M		Drift	24-Jun-19	2019-06-24
Summit Striker	Starter Pack Item	Epic		M			7-Nov-18	2018-11-07
Sun Strider	Reach Tier 47 in Season 5 Battle Pass	Epic	W	F		Rescue Patrol	07-12-2018	2018-07-12
Sun Tan Specialist	1500 V-Bucks	Epic	W	M		Rescue Patrol	28-Jul-18	2018-07-28
Sunbird	1200 V-Bucks	Rare	W	F		Sun Soldiers	8-Mar-19	2019-03-08
Sunflower	800 V-Bucks	Uncommon	W	F		Fatal Fielders	5-Mar-19	2019-03-05
Super Striker	1200 V-Bucks	Rare	B	M		Goalbound	06-15-2018	2018-06-15
Supersonic	2000 V-Bucks	Legendary		M		Air Royale	17-Apr-19	2019-04-17
Survival Specialist	1200 V-Bucks	Rare	L	F			11-05-2017	2017-11-05
Sushi Master	1200 V-Bucks	Rare	A	M		Sushi	19-Aug-18	2018-08-19
Symbol Stalwart	800 V-Bucks	Uncommon	W	M		Banner Brigade	17-Jul-19	2019-07-17
Synapse	1500 V-Bucks	Epic	W	F		Synapse	16-Jun-19	2019-06-16
Synth Star	1500 V-Bucks	Epic	W	F		Garage Band	16-Sep-18	2018-09-16
Tactics Officer	800 V-Bucks	Uncommon	B	F			17-Feb-18	2018-02-17
Takara	1500 V-Bucks	Epic	A	F		Takara	31-May-19	2019-05-31
Taro	1500 V-Bucks	Epic		M		Storm Familiars	24-Nov-18	2018-11-24
Tech Ops	1200 V-Bucks	Rare		M		Tech Ops	24-Jan-19	2019-01-24
Teknique	Reach Tier 23 in Season 4 Battle Pass	Epic	L	F		Aerosol Assassins	05-01-2018	2018-05-01
Tempest	2000 V-Bucks	Legendary		M		Raging Storm	6-Jun-19	2019-06-06
Tender Defender	1500 V-Bucks	Epic		M		Fowl Play	23-Nov-18	2018-11-23
The Ice King	Tier 100 Season 7 Battle Pass Reward	Legendary		M	True	Ice Kingdom	6-Dec-18	2018-12-06
Tilted Teknique	Season 10 Battle Pass Reward Tier 23	Epic		F			08-01-2019	2019-08-01
Tinseltoes	800 V-Bucks	Uncommon	W	F			21-Dec-18	2018-12-21
Tomatohead	1500 V-Bucks	Epic		M		Pizza Pit	22-Apr-18	2018-04-22
Tower Recon Specialist	800 V-Bucks	Uncommon	W	F			23-Feb-18	2018-02-23
Toxic Trooper	1500 V-Bucks	Epic		M		Outbreak	19-May-18	2018-05-19
Toy Trooper	800 V-Bucks	Uncommon		F		Toy Soldier	27-Jun-19	2019-06-27
Tracker	800 V-Bucks	Uncommon	L	M			27-Oct-17	2017-10-27
Trailblazer	Twitch Prime Reward	Epic	W	F		Advanced Forces		
Triage Trooper	1500 V-Bucks	Epic	W	M		Support Squadron	8-Sep-18	2018-09-08
Tricera Ops	2000 V-Bucks	Legendary		F		Dino Guard	21-Apr-18	2018-04-21
Triple Threat	1200 V-Bucks	Rare	L	F		Half Court	06-01-2018	2018-06-01
Trog	Season 7 Battle Pass Reward	Epic		M		Mountain Myths	6-Dec-18	2018-12-06
Trooper	800 V-Bucks	Uncommon	A	M			27-Oct-17	2017-10-27
Tsuki	1200 V-Bucks	Rare	A	F			07-20-2019	2019-07-20
Twistie	1200 V-Bucks	Rare		F		Hot Air	1-Mar-19	2019-03-01
Ultima Knight	Season X Battle Pass Reward Tier 100	Legendary		M		Fort Knights	08-01-2019	2019-08-01
Valkyrie	2000 V-Bucks	Legendary		F			09-20-2018	2018-09-20
Valor	Reach Tier 71 in Season 4 Battle Pass	Legendary	W	F		Valiant	05-01-2018	2018-05-01
Vector	1200 V-Bucks	Rare		M			10-Jul-19	2019-07-10
Vega	Battle Pass Season 9 Reward Tier 47	Epic	W	F		Bounty Hunter	05-09-2019	2019-05-09
Velocity	2000 V-Bucks	Legendary		F			12-May-19	2019-05-12
Vendetta	Season 9 Battle Pass Reward	Epic		M		Suit Up	9-May-19	2019-05-09
Ventura	1500 V-Bucks	Epic		F		Venture	8-Jun-18	2018-06-08
Verge	800 V-Bucks	"
"		M		Modern Mercenary	16-Jan-19	2019-01-16
Versa	1500 V-Bucks	Epic	W	F		Neochaser	18-May-19	2019-05-18
The Visitor	Complete Blockbuster Challenges in Season 4	Legendary		M	True		05-01-2018	2018-05-01
Vertex	2000 V-Bucks	Legendary		M		Apex Protocol	30-Jun-18	2018-06-30
Whiplash	800 V-Bucks	"
"	W	F		Racer Royale	3-Apr-18	2018-04-03
Whistle Warrior	800 V-Bucks	Uncommon	W	F			9-Nov-18	2018-11-09
Whiteout	1500 V-Bucks	Epic		F		Vanishing Point	16-Aug-18	2018-08-16
Wild Card	2000 V-Bucks	Legendary		M		Getaway Gang	8-Sep-18	2018-09-08
Wingman	Wingman Starter Pack Item	Epic		M			12-Jun-18	2018-06-12
Wingtip	1200 V-Bucks	Rare	W	F			12-11-2018	2018-12-11
World Warrior	800 V-Bucks	Uncommon	L	F		World Cup 2019	26-Jul-19	2019-07-26
Wreck Raider	1500 V-Bucks	Epic	W	M		Divemasters	26-Jul-18	2018-07-26
Wukong	2000 V-Bucks	Legendary		M		Wukong	17-Feb-18	2018-02-17
X-Lord	Season 10 Battle Pass Reward	Epic		M		Storm Scavenger	08-01-2019	2019-08-01
Yee-Haw!	1500 V-Bucks	Epic	W	F			12-Nov-18	2018-11-12
Yond3r	Season X Battle Pass Reward	Epic		M		Twin Turntables	08-01-2019	2019-08-01
Yuletide Ranger	800 V-Bucks	Uncommon	B	M			23-Dec-17	2017-12-23
Zenith	Battle Pass Reward for Season 7	Legendary		M		Zenith	6-Dec-18	2018-12-06
Zoey	Reach Tier 47 in Season 4 Battle Pass	Epic	W	F		Sweet Tooth	05-01-2018	2018-05-01
